<?xml version="1.0" encoding="UTF-8"?>
<project-private xmlns="http://www.netbeans.org/ns/project-private/1">
    <editor-bookmarks xmlns="http://www.netbeans.org/ns/editor-bookmarks/2" lastBookmarkId="1">
        <file>
            <url>src/javafx_aprendendo/Controls/FXML_Editar_FuncionarioController.java</url>
            <bookmark id="1">
                <name/>
                <line>71</line>
                <key/>
            </bookmark>
        </file>
    </editor-bookmarks>
    <open-files xmlns="http://www.netbeans.org/ns/projectui-open-files/2">
        <group>
            <file>file:/E:/Curso%20Técnico/Módulo%203/Técnicas%20de%20Programação%202/JavaFX_Aprendendo/src/Dao/Dao_Funcionario.java</file>
            <file>file:/E:/Curso%20Técnico/Módulo%203/Técnicas%20de%20Programação%202/JavaFX_Aprendendo/src/javafx_aprendendo/Controls/FXML_PaineisController.java</file>
            <file>file:/E:/Curso%20Técnico/Módulo%203/Técnicas%20de%20Programação%202/JavaFX_Aprendendo/src/JDBC/ConnectionFactory.java</file>
            <file>file:/E:/Curso%20Técnico/Módulo%203/Técnicas%20de%20Programação%202/JavaFX_Aprendendo/src/javafx_aprendendo/Controls/FXML_Editar_FuncionarioController.java</file>
        </group>
    </open-files>
</project-private>
